text_length,num_links,num_scripts,Label
-0.5424203924239244,0.6163156344279367,1.5261167249147478,0
-0.6059221160936167,-0.9684959969581862,-1.0441851275732486,0
-0.5832597909178158,-0.9684959969581862,-0.722897396012249,1
1.7316022994353568,1.3206763594884356,0.24096579867074966,1
